year,school,school_level,province,college,college_code,major_code,major_name,applicants,admitted,ratio,max_score,min_score,avg_score,retest_line,data_source,source_url,note
2023,浙江大学,985/双一流,浙江,计算机科学与技术学院,210,85400,电子信息,833.0,139.0,5.99,447.0,361.0,389.0,,浙江大学研究生院《硕士各专业报录比及平均分》（经第三方转载）,https://m.dxsbb.com/news/93170.html,官方口径：不含非全日制/推免/单独考试/强军计划/退役士兵/少民骨干；录取人数含本校相近专业调剂录取；报录比按官方报考/录取人数计算
2024,浙江大学,985/双一流,浙江,计算机科学与技术学院,210,85400,电子信息,,,8.2,,,400.0,,浙江大学研究生院《硕士各专业报录比及平均分》（经第三方转载）,https://m.dxsbb.com/news/93170.html,官方口径：不含非全日制/推免/单独考试/强军计划/退役士兵/少民骨干；录取人数含本校相近专业调剂录取
2023,浙江大学,985/双一流,浙江,航空航天学院,240,85400,电子信息,37.0,20.0,1.85,400.0,335.0,365.0,,浙江大学研究生院《硕士各专业报录比及平均分》（经第三方转载）,https://m.dxsbb.com/news/93170.html,官方口径：不含非全日制/推免/单独考试/强军计划/退役士兵/少民骨干；录取人数含本校相近专业调剂录取；报录比按官方报考/录取人数计算
2024,浙江大学,985/双一流,浙江,航空航天学院,240,85400,电子信息,,,6.5,,,344.0,,浙江大学研究生院《硕士各专业报录比及平均分》（经第三方转载）,https://m.dxsbb.com/news/93170.html,官方口径：不含非全日制/推免/单独考试/强军计划/退役士兵/少民骨干；录取人数含本校相近专业调剂录取
2023,浙江大学,985/双一流,浙江,工程师学院,600,85400,电子信息,253.0,73.0,3.47,423.0,325.0,360.0,,浙江大学研究生院《硕士各专业报录比及平均分》（经第三方转载）,https://m.dxsbb.com/news/93170.html,官方口径：不含非全日制/推免/单独考试/强军计划/退役士兵/少民骨干；录取人数含本校相近专业调剂录取；报录比按官方报考/录取人数计算
2024,浙江大学,985/双一流,浙江,工程师学院,600,85400,电子信息,,,5.0,,,385.0,,浙江大学研究生院《硕士各专业报录比及平均分》（经第三方转载）,https://m.dxsbb.com/news/93170.html,官方口径：不含非全日制/推免/单独考试/强军计划/退役士兵/少民骨干；录取人数含本校相近专业调剂录取
2023,浙江大学,985/双一流,浙江,信息与电子工程学院,310,85400,电子信息,178.0,52.0,3.42,429.0,354.0,386.0,,浙江大学研究生院《硕士各专业报录比及平均分》（经第三方转载）,https://m.dxsbb.com/news/93170.html,官方口径：不含非全日制/推免/单独考试/强军计划/退役士兵/少民骨干；录取人数含本校相近专业调剂录取；报录比按官方报考/录取人数计算
2024,浙江大学,985/双一流,浙江,信息与电子工程学院,310,85400,电子信息,,,4.9,,,399.0,320.0,浙江大学研究生院《硕士各专业报录比及平均分》（经第三方转载）,https://m.dxsbb.com/news/93170.html,官方口径：不含非全日制/推免/单独考试/强军计划/退役士兵/少民骨干；录取人数含本校相近专业调剂录取；院线320分（55/80）系第三方整理，待官网核验
2023,浙江大学,985/双一流,浙江,软件学院,510,85400,电子信息,520.0,125.0,4.16,426.0,325.0,366.0,,浙江大学研究生院《硕士各专业报录比及平均分》（经第三方转载）,https://m.dxsbb.com/news/93170.html,官方口径：不含非全日制/推免/单独考试/强军计划/退役士兵/少民骨干；录取人数含本校相近专业调剂录取；报录比按官方报考/录取人数计算
2024,浙江大学,985/双一流,浙江,软件学院,510,85400,电子信息,,,3.8,,,370.0,,浙江大学研究生院《硕士各专业报录比及平均分》（经第三方转载）,https://m.dxsbb.com/news/93170.html,官方口径：不含非全日制/推免/单独考试/强军计划/退役士兵/少民骨干；录取人数含本校相近专业调剂录取
2023,浙江大学,985/双一流,浙江,光电科学与工程学院,300,85400,电子信息,93.0,39.0,2.38,435.0,356.0,393.0,,浙江大学研究生院《硕士各专业报录比及平均分》（经第三方转载）,https://m.dxsbb.com/news/93170.html,官方口径：不含非全日制/推免/单独考试/强军计划/退役士兵/少民骨干；录取人数含本校相近专业调剂录取；报录比按官方报考/录取人数计算
2024,浙江大学,985/双一流,浙江,光电科学与工程学院,300,85400,电子信息,,,3.5,,,397.0,,浙江大学研究生院《硕士各专业报录比及平均分》（经第三方转载）,https://m.dxsbb.com/news/93170.html,官方口径：不含非全日制/推免/单独考试/强军计划/退役士兵/少民骨干；录取人数含本校相近专业调剂录取
2023,浙江大学,985/双一流,浙江,微纳电子学院,410,85400,电子信息,189.0,45.0,4.2,442.0,337.0,381.0,,浙江大学研究生院《硕士各专业报录比及平均分》（经第三方转载）,https://m.dxsbb.com/news/93170.html,官方口径：不含非全日制/推免/单独考试/强军计划/退役士兵/少民骨干；录取人数含本校相近专业调剂录取；报录比按官方报考/录取人数计算
2024,浙江大学,985/双一流,浙江,微纳电子学院,410,85400,电子信息,,,3.5,,,372.0,,浙江大学研究生院《硕士各专业报录比及平均分》（经第三方转载）,https://m.dxsbb.com/news/93170.html,官方口径：不含非全日制/推免/单独考试/强军计划/退役士兵/少民骨干；录取人数含本校相近专业调剂录取
2023,浙江大学,985/双一流,浙江,国际联合学院（海宁国际校区）,710,85400,电子信息,68.0,32.0,2.12,408.0,328.0,367.0,,浙江大学研究生院《硕士各专业报录比及平均分》（经第三方转载）,https://m.dxsbb.com/news/93170.html,官方口径：不含非全日制/推免/单独考试/强军计划/退役士兵/少民骨干；录取人数含本校相近专业调剂录取；报录比按官方报考/录取人数计算
2024,浙江大学,985/双一流,浙江,国际联合学院（海宁国际校区）,710,85400,电子信息,,,3.5,,,364.0,,浙江大学研究生院《硕士各专业报录比及平均分》（经第三方转载）,https://m.dxsbb.com/news/93170.html,官方口径：不含非全日制/推免/单独考试/强军计划/退役士兵/少民骨干；录取人数含本校相近专业调剂录取
2023,浙江大学,985/双一流,浙江,控制科学与工程学院,320,85400,电子信息,153.0,49.0,3.12,435.0,345.0,383.0,,浙江大学研究生院《硕士各专业报录比及平均分》（经第三方转载）,https://m.dxsbb.com/news/93170.html,官方口径：不含非全日制/推免/单独考试/强军计划/退役士兵/少民骨干；录取人数含本校相近专业调剂录取；报录比按官方报考/录取人数计算
2024,浙江大学,985/双一流,浙江,控制科学与工程学院,320,85400,电子信息,,,2.7,,,394.0,,浙江大学研究生院《硕士各专业报录比及平均分》（经第三方转载）,https://m.dxsbb.com/news/93170.html,官方口径：不含非全日制/推免/单独考试/强军计划/退役士兵/少民骨干；录取人数含本校相近专业调剂录取
2023,浙江大学,985/双一流,浙江,海洋学院,340,85400,电子信息,49.0,26.0,1.88,390.0,336.0,366.0,,浙江大学研究生院《硕士各专业报录比及平均分》（经第三方转载）,https://m.dxsbb.com/news/93170.html,官方口径：不含非全日制/推免/单独考试/强军计划/退役士兵/少民骨干；录取人数含本校相近专业调剂录取；报录比按官方报考/录取人数计算
2024,浙江大学,985/双一流,浙江,海洋学院,340,85400,电子信息,,,2.6,,,368.0,,浙江大学研究生院《硕士各专业报录比及平均分》（经第三方转载）,https://m.dxsbb.com/news/93170.html,官方口径：不含非全日制/推免/单独考试/强军计划/退役士兵/少民骨干；录取人数含本校相近专业调剂录取
2023,浙江大学,985/双一流,浙江,生物医学工程与仪器科学学院,150,85400,电子信息,72.0,24.0,3.0,414.0,345.0,378.0,,浙江大学研究生院《硕士各专业报录比及平均分》（经第三方转载）,https://m.dxsbb.com/news/93170.html,官方口径：不含非全日制/推免/单独考试/强军计划/退役士兵/少民骨干；录取人数含本校相近专业调剂录取；报录比按官方报考/录取人数计算
2024,浙江大学,985/双一流,浙江,生物医学工程与仪器科学学院,150,85400,电子信息,,,2.4,,,370.0,,浙江大学研究生院《硕士各专业报录比及平均分》（经第三方转载）,https://m.dxsbb.com/news/93170.html,官方口径：不含非全日制/推免/单独考试/强军计划/退役士兵/少民骨干；录取人数含本校相近专业调剂录取
